x_value,total_1,total_2
0,1000,1000
1,1001,1002
2,1003,1004
3,995,1007
4,997,1003
5,993,1003
6,1003,997
7,1010,1004
8,1005,1010
9,1004,1018
10,1001,1022
11,996,1023
12,1003,1027
13,1003,1031
14,1007,1038
15,1006,1038
16,1003,1033
17,1006,1040
18,997,1042
19,1004,1049
20,998,1047
21,995,1049
22,998,1057
23,988,1054
24,983,1053
25,983,1051
26,987,1050
27,982,1058
28,991,1055
29,982,1059
30,982,1061
31,974,1068
32,976,1075
33,974,1076
34,964,1074
35,962,1078
36,955,1076
37,953,1081
38,961,1077
39,953,1081
40,958,1085
41,961,1086
42,956,1085
43,955,1091
44,957,1089
45,955,1086
46,962,1091
47,970,1087
48,966,1091
49,958,1092
50,960,1096
51,953,1094
52,955,1089
53,965,1094
54,975,1092
55,965,1091
56,974,1089
57,965,1091
58,964,1092
59,973,1094
60,979,1098
61,980,1096
62,982,1100
63,986,1095
64,989,1094
65,992,1092
66,989,1096
67,981,1096
68,991,1090
69,981,1092
70,979,1100
71,987,1099
72,979,1098
73,986,1100
74,980,1095
75,978,1090
76,982,1094
77,990,1102
78,997,1102
79,1001,1100
80,999,1102
81,1006,1104
82,1005,1111
83,1002,1119
84,1008,1121
85,1016,1126
86,1026,1128
87,1033,1135
88,1030,1131
89,1032,1126
90,1030,1125
91,1025,1127
92,1021,1133
93,1030,1132
94,1034,1134
95,1027,1140
96,1030,1145
97,1021,1148
98,1019,1143
99,1012,1137
100,1013,1143
101,1013,1148
102,1015,1144
103,1024,1150
104,1018,1154
105,1017,1149
106,1027,1144
107,1017,1149
